PMAID,LocID,Name,Address,ZIP Code,X Coord,Y Coord,Location 1
281,2545,12th and Howe Play Park,1200 W Howe St,98119,-122.372985,47.636097,"{'longitude': '-122.372985', 'needs_recoding': False, 'latitude': '47.636097'}"
4159,2387,12th Ave S Viewpoint,2821 12TH Ave S,98144,-122.317765,47.577953,"{'longitude': '-122.317765', 'needs_recoding': False, 'latitude': '47.577953'}"
4467,2382,12th Ave Square Park,564 12th Ave,98122,-122.316455,47.607427,"{'longitude': '-122.316455', 'needs_recoding': False, 'latitude': '47.607427'}"
4010,2546,14th Ave NW Boat Ramp,4400 14th Ave NW,98107,-122.373536,47.660775,"{'longitude': '-122.373536', 'needs_recoding': False, 'latitude': '47.660775'}"
296,296,3001 E Madison,3001 E Madison St,98112,-122.293173,47.625169,"{'longitude': '-122.293173', 'needs_recoding': False, 'latitude': '47.625169'}"
1000001,0,32nd Ave W Boat Launch,32nd Ave W,98199,-122.398685,47.632345,"{'longitude': '-122.398685', 'needs_recoding': False, 'latitude': '47.632345'}"
3158,2378,6th Ave NW Pocket Park,606  NW 76th St,98117,-122.363566,47.684202,"{'longitude': '-122.363566', 'needs_recoding': False, 'latitude': '47.684202'}"
4404,2533,A. B. Ernst Park,723 N 35th St,98103,-122.348826,47.650087,"{'longitude': '-122.348826', 'needs_recoding': False, 'latitude': '47.650087'}"
1000002,0,Adams Street Boat Ramp,Lake Washington Blvd S & S Adams St,98118,-122.267178,47.565219,"{'longitude': '-122.267178', 'needs_recoding': False, 'latitude': '47.565219'}"
244,1886,Albert Davis Park,12526 27th Ave NE,98125,-122.298752,47.72016,"{'longitude': '-122.298752', 'needs_recoding': False, 'latitude': '47.72016'}"
445,1888,Alki Beach Park,1702 Alki Ave SW,98116,-122.402173,47.582912,"{'longitude': '-122.402173', 'needs_recoding': False, 'latitude': '47.582912'}"
446,1049,Alki Playground,5817 SW Lander St,98116,-122.407312,47.578497,"{'longitude': '-122.407312', 'needs_recoding': False, 'latitude': '47.578497'}"
3914,1891,Alvin Larkins Park,1504 34TH Ave,98122,-122.288745,47.614318,"{'longitude': '-122.288745', 'needs_recoding': False, 'latitude': '47.614318'}"
426,1892,Amy Yee Tennis Center,2000 Martin Luther King Jr Way S,98144,-122.29742,47.584876,"{'longitude': '-122.29742', 'needs_recoding': False, 'latitude': '47.584876'}"
2927,1894,Andover Place,4000 Beach Dr SW,98116,-122.409993,47.568517,"{'longitude': '-122.409993', 'needs_recoding': False, 'latitude': '47.568517'}"
1556,1898,Arapahoe Triangle,3431 Arapahoe Pl W,98199,-122.409139,47.65129,"{'longitude': '-122.409139', 'needs_recoding': False, 'latitude': '47.65129'}"
485,1907,Arroyos Natural Area,4120 Arroyo Dr SW,98146,-122.387822,47.505679,"{'longitude': '-122.387822', 'needs_recoding': False, 'latitude': '47.505679'}"
4081,1908,Atlantic City Boat Ramp,8702 Seward Park Ave S,98118,-122.263078,47.522834,"{'longitude': '-122.263078', 'needs_recoding': False, 'latitude': '47.522834'}"
4243,2541,Atlantic Street Park,1501 21st Ave S,98144,-122.30566,47.589165,"{'longitude': '-122.30566', 'needs_recoding': False, 'latitude': '47.589165'}"
241,2552,B.F. Day Playground,4020 Fremont Ave N,98103,-122.349222,47.65603,"{'longitude': '-122.349222', 'needs_recoding': False, 'latitude': '47.65603'}"
4006,1910,Bagley Viewpoint,2548 Delmar Dr E,98102,-122.318347,47.643015,"{'longitude': '-122.318347', 'needs_recoding': False, 'latitude': '47.643015'}"
2840,1911,Baker Park on Crown Hill,8347 14th Ave NW,98117,-122.374794,47.690119,"{'longitude': '-122.374794', 'needs_recoding': False, 'latitude': '47.690119'}"
4278,1913,Ballard Commons Park,5701 22nd Ave NW,98107,-122.385487,47.670549,"{'longitude': '-122.385487', 'needs_recoding': False, 'latitude': '47.670549'}"
4428,1914,Ballard Corners Park,1702 nw 62nd St,98107,-122.379116,47.674186,"{'longitude': '-122.379116', 'needs_recoding': False, 'latitude': '47.674186'}"
497,1108,Ballard Playground,2644 NW 60th St,98107,-122.39155,47.672786,"{'longitude': '-122.39155', 'needs_recoding': False, 'latitude': '47.672786'}"
4073,2553,Banner Way Triangle,7802 Banner Way NE,98115,-122.32343,47.685762,"{'longitude': '-122.32343', 'needs_recoding': False, 'latitude': '47.685762'}"
3703,1919,Bar-S Playground,6425 SW Admiral Way,98116,-122.416054,47.575195,"{'longitude': '-122.416054', 'needs_recoding': False, 'latitude': '47.575195'}"
303,1110,Bayview Playground,2614 24th Ave W,98199,-122.386786,47.643802,"{'longitude': '-122.386786', 'needs_recoding': False, 'latitude': '47.643802'}"
1000342,0,Bayview-Kinnear (Lower Kerry Park),3rd Ave W & W Prospect St,98119,-122.360626,47.628948,"{'longitude': '-122.360626', 'needs_recoding': False, 'latitude': '47.628948'}"
400,1074,Beacon Hill Playground,1902 13th Ave S,98144,-122.315325,47.586226,"{'longitude': '-122.315325', 'needs_recoding': False, 'latitude': '47.586226'}"
3119,1923,Beacon Place,1110 S Dearborn St,98104,-122.318716,47.596236,"{'longitude': '-122.318716', 'needs_recoding': False, 'latitude': '47.596236'}"
4481,1075,Beaver Pond Natural Area on Thornton Creek,5th Ave NE & NE 103rd St,98125,-122.323168,47.703288,"{'longitude': '-122.323168', 'needs_recoding': False, 'latitude': '47.703288'}"
4028,0,Beck Place,5809 15th Ave NE,98105,-122.312027,47.671888,"{'longitude': '-122.312027', 'needs_recoding': False, 'latitude': '47.671888'}"
440,1925,Beer Sheva Park,8650 55th Ave S,98118,-122.263223,47.524191,"{'longitude': '-122.263223', 'needs_recoding': False, 'latitude': '47.524191'}"
4472,2543,Bell Street Park,1st to 5th Ave on Bell St,98121,-122.344866,47.614696,"{'longitude': '-122.344866', 'needs_recoding': False, 'latitude': '47.614696'}"
4022,1182,Bellevue Place,Bellevue Ave E & Bellevue Pl E,98102,-122.327658,47.626904,"{'longitude': '-122.327658', 'needs_recoding': False, 'latitude': '47.626904'}"
4415,1186,Belltown Cottage Park,2512 Elliott Ave,98121,-122.350776,47.613889,"{'longitude': '-122.350776', 'needs_recoding': False, 'latitude': '47.613889'}"
346,1290,Belmont Place,703 Belmont Pl E,98102,-122.324408,47.625727,"{'longitude': '-122.324408', 'needs_recoding': False, 'latitude': '47.625727'}"
447,1188,Belvedere Park,3600 SW Admiral Way,98126,-122.376896,47.580673,"{'longitude': '-122.376896', 'needs_recoding': False, 'latitude': '47.580673'}"
475,1189,Belvoir Place,3659 42nd Ave NE,98105,-122.283215,47.655124,"{'longitude': '-122.283215', 'needs_recoding': False, 'latitude': '47.655124'}"
436,1077,Benefit Playground,9320 38th Ave S,98118,-122.284294,47.518998,"{'longitude': '-122.284294', 'needs_recoding': False, 'latitude': '47.518998'}"
4245,1190,Benvenuto Viewpoint,1401 23rd Ave S,98122,-122.303029,47.589841,"{'longitude': '-122.303029', 'needs_recoding': False, 'latitude': '47.589841'}"
253,1191,Bergen Place,5420 22nd Ave NW,98107,-122.384495,47.66833,"{'longitude': '-122.384495', 'needs_recoding': False, 'latitude': '47.66833'}"
304,1193,Bhy Kracke Park,1215 5th Ave N,98109,-122.348403,47.630426,"{'longitude': '-122.348403', 'needs_recoding': False, 'latitude': '47.630426'}"
288,1113,Bitter Lake Playfield,13035 Linden Ave N,98133,-122.349314,47.724209,"{'longitude': '-122.349314', 'needs_recoding': False, 'latitude': '47.724209'}"
4450,1194,Bitter Lake Reservoir Open Space,14201 Linden Ave N,98133,-122.348583,47.731181,"{'longitude': '-122.348583', 'needs_recoding': False, 'latitude': '47.731181'}"
3907,1196,Blaine Place,513 W Olympic Pl,98119,-122.364152,47.626809,"{'longitude': '-122.364152', 'needs_recoding': False, 'latitude': '47.626809'}"
4418,1198,Blue Dog Pond,1520 26th Ave S,98144,-122.297814,47.589982,"{'longitude': '-122.297814', 'needs_recoding': False, 'latitude': '47.589982'}"
238,1199,Blue Ridge Circle,1851 NW Blue Ridge Dr,98117,-122.380095,47.70439,"{'longitude': '-122.380095', 'needs_recoding': False, 'latitude': '47.70439'}"
239,1200,Blue Ridge Place,Radford Ave NW & NW Milford Way,98117,-122.381171,47.703423,"{'longitude': '-122.381171', 'needs_recoding': False, 'latitude': '47.703423'}"
348,0,Boren Place,321 Broadway,98122,-122.320952,47.604999,"{'longitude': '-122.320952', 'needs_recoding': False, 'latitude': '47.604999'}"
349,1202,Boylston Place,815 Broadway,98104,-122.32094,47.609976,"{'longitude': '-122.32094', 'needs_recoding': False, 'latitude': '47.609976'}"
401,1203,Bradner Gardens Park,1730 Bradner Pl S,98144,-122.295426,47.587419,"{'longitude': '-122.295426', 'needs_recoding': False, 'latitude': '47.587419'}"
402,1115,Brighton Playfield,6000 39th Ave S,98118,-122.2821,47.548387,"{'longitude': '-122.2821', 'needs_recoding': False, 'latitude': '47.548387'}"
3997,1207,Broadview Park,Greenwood Ave N & N 122nd St,98133,-122.355836,47.717936,"{'longitude': '-122.355836', 'needs_recoding': False, 'latitude': '47.717936'}"
482,1082,Bryant Neighborhood Playground,4103 NE 65th St,98115,-122.283644,47.675299,"{'longitude': '-122.283644', 'needs_recoding': False, 'latitude': '47.675299'}"
496,1083,Burke-Gilman Playground Park,5201 Sand Point Way NE,98105,-122.282623,47.666634,"{'longitude': '-122.282623', 'needs_recoding': False, 'latitude': '47.666634'}"
3102,1211,Cal Anderson Park and Bobby Morris Playfield,1635 11th Ave,98122,-122.319134,47.617013,"{'longitude': '-122.319134', 'needs_recoding': False, 'latitude': '47.617013'}"
448,1212,California Place,2099 California Ave SW,98116,-122.386696,47.585641,"{'longitude': '-122.386696', 'needs_recoding': False, 'latitude': '47.585641'}"
4154,1213,Camp Long,5200 35th Ave SW,98126,-122.373161,47.556242,"{'longitude': '-122.373161', 'needs_recoding': False, 'latitude': '47.556242'}"
240,1227,Carkeek Park,950 NW Carkeek Park Rd,98117,-122.379763,47.712194,"{'longitude': '-122.379763', 'needs_recoding': False, 'latitude': '47.712194'}"
305,1232,Carleton Center,2319 Westmont Way W,98199,-122.406385,47.639414,"{'longitude': '-122.406385', 'needs_recoding': False, 'latitude': '47.639414'}"
4049,1233,Carleton Highlands,3298 Perkins Ln W,98199,-122.415934,47.650028,"{'longitude': '-122.415934', 'needs_recoding': False, 'latitude': '47.650028'}"
3902,1235,Cascade Place,5119 Palmer Ct NW,98107,-122.358092,47.666216,"{'longitude': '-122.358092', 'needs_recoding': False, 'latitude': '47.666216'}"
350,1117,Cascade Playground,333 Pontius Ave N,98109,-122.332355,47.621405,"{'longitude': '-122.332355', 'needs_recoding': False, 'latitude': '47.621405'}"
4167,1237,Cedar Park,3737 NE 135th St,98125,-122.288042,47.725808,"{'longitude': '-122.288042', 'needs_recoding': False, 'latitude': '47.725808'}"
4448,1245,Cesar Chavez Park,700 S Cloverdale St,98108,-122.32562,47.52678,"{'longitude': '-122.32562', 'needs_recoding': False, 'latitude': '47.52678'}"
80,2497,Charles Richey Sr Viewpoint,3521 Beach Dr SW,98116,-122.413877,47.57242,"{'longitude': '-122.413877', 'needs_recoding': False, 'latitude': '47.57242'}"
4214,2532,Cheasty Boulevard,Cheasty Blvd S & S Della St,98144,-122.299204,47.572682,"{'longitude': '-122.299204', 'needs_recoding': False, 'latitude': '47.572682'}"
258,2021,Cheasty GS: Cheasty Blvd,Cheasty Blvd S & S Della St,98144,-122.299204,47.572682,"{'longitude': '-122.299204', 'needs_recoding': False, 'latitude': '47.572682'}"
421,1249,Chinook Beach Park,700 S Cloverdale St,98118,-122.258376,47.520135,"{'longitude': '-122.258376', 'needs_recoding': False, 'latitude': '47.520135'}"
595,1250,Christie Park,817 NE 43rd St,98105,-122.319072,47.659308,"{'longitude': '-122.319072', 'needs_recoding': False, 'latitude': '47.659308'}"
306,1252,City Hall Park,450 3rd Ave,98119,-122.329875,47.602022,"{'longitude': '-122.329875', 'needs_recoding': False, 'latitude': '47.602022'}"
404,2026,Cleveland Playfield,5512 13th Ave S,98108,-122.315542,47.552012,"{'longitude': '-122.315542', 'needs_recoding': False, 'latitude': '47.552012'}"
3985,1261,Coe Play Park,2420 7th Ave W,98119,-122.365952,47.640108,"{'longitude': '-122.365952', 'needs_recoding': False, 'latitude': '47.640108'}"
3922,2503,College Street Park,30th Ave S & S College St,98144,-122.294616,47.582697,"{'longitude': '-122.294616', 'needs_recoding': False, 'latitude': '47.582697'}"
260,2504,College Street Ravine,5050 SW College St,98116,-122.395546,47.583406,"{'longitude': '-122.395546', 'needs_recoding': False, 'latitude': '47.583406'}"
405,1263,Colman Park,1800 Lake Washington Blvd S,98144,-122.288612,47.58547,"{'longitude': '-122.288612', 'needs_recoding': False, 'latitude': '47.58547'}"
406,1121,Colman Playground,1740 23rd Ave S,98122,-122.301957,47.587625,"{'longitude': '-122.301957', 'needs_recoding': False, 'latitude': '47.587625'}"
4034,1271,Columbia Park,4721 Rainier Ave S,98118,-122.287394,47.559792,"{'longitude': '-122.287394', 'needs_recoding': False, 'latitude': '47.559792'}"
308,1272,Commodore Park,3330 W Commodore Way,98107,-122.40014,47.66538,"{'longitude': '-122.40014', 'needs_recoding': False, 'latitude': '47.66538'}"
4017,1275,Corliss Place,2166 N 50th St,98103,-122.330874,47.665198,"{'longitude': '-122.330874', 'needs_recoding': False, 'latitude': '47.665198'}"
295,1276,Cormorant Cove,3701 Beach Dr SW,98116,-122.412089,47.570984,"{'longitude': '-122.412089', 'needs_recoding': False, 'latitude': '47.570984'}"
4462,1277,Cottage Grove Park,5206 26th Ave SW,98106,-122.365311,47.554364,"{'longitude': '-122.365311', 'needs_recoding': False, 'latitude': '47.554364'}"
4438,1084,Counterbalance Park: An Urban Oasis,700 Queen Anne Ave N,98109,-122.356323,47.625683,"{'longitude': '-122.356323', 'needs_recoding': False, 'latitude': '47.625683'}"
483,1279,Cowen Park,5849 15th Ave NE,98105,-122.313072,47.672596,"{'longitude': '-122.313072', 'needs_recoding': False, 'latitude': '47.672596'}"
4018,1280,Crescent Place,7515 Orin Ct N,98103,-122.333029,47.684317,"{'longitude': '-122.333029', 'needs_recoding': False, 'latitude': '47.684317'}"
4070,1281,Crown Hill Glen,8735 19th Ave NW,98117,-122.381394,47.693703,"{'longitude': '-122.381394', 'needs_recoding': False, 'latitude': '47.693703'}"
4469,1282,Crown Hill Park,9089 Holman Rd NW,98117,-122.373976,47.696071,"{'longitude': '-122.373976', 'needs_recoding': False, 'latitude': '47.696071'}"
4400,1285,Daejeon Park,1144 Sturgus Ave S,98144,-122.312163,47.59192,"{'longitude': '-122.312163', 'needs_recoding': False, 'latitude': '47.59192'}"
499,1819,Dahl Playfield,7700 25th Ave NE,98115,-122.299309,47.685267,"{'longitude': '-122.299309', 'needs_recoding': False, 'latitude': '47.685267'}"
575,1287,Dakota Place Park,4304 SW Dakota St,98116,-122.387164,47.566844,"{'longitude': '-122.387164', 'needs_recoding': False, 'latitude': '47.566844'}"
331,1289,David Rodgers Park,2800 1st Ave W,98119,-122.359484,47.644135,"{'longitude': '-122.359484', 'needs_recoding': False, 'latitude': '47.644135'}"
4082,2505,Day Street Boat Ramp,1402 Lakeside Ave S,98144,-122.285154,47.59026,"{'longitude': '-122.285154', 'needs_recoding': False, 'latitude': '47.59026'}"
408,1291,Dearborn Park,2919 S Brandon St,98126,-122.296225,47.553389,"{'longitude': '-122.296225', 'needs_recoding': False, 'latitude': '47.553389'}"
450,1124,Delridge Playfield,4458 Delridge Way SW,98106,-122.364371,47.562842,"{'longitude': '-122.364371', 'needs_recoding': False, 'latitude': '47.562842'}"
3980,1298,Denny Blaine Lake Park,100 Maiden Ln E,98112,-122.284838,47.61833,"{'longitude': '-122.284838', 'needs_recoding': False, 'latitude': '47.61833'}"
3982,1300,Denny Blaine Park,200 Lake Washington Blvd E,98112,-122.280548,47.62011,"{'longitude': '-122.280548', 'needs_recoding': False, 'latitude': '47.62011'}"
309,1297,Denny Park,100 Dexter Ave N,98109,-122.341049,47.61913,"{'longitude': '-122.341049', 'needs_recoding': False, 'latitude': '47.61913'}"
310,1301,Discovery Park,3801 Discovery Park Blvd,98199,-122.415282,47.66083,"{'longitude': '-122.415282', 'needs_recoding': False, 'latitude': '47.66083'}"
3917,1085,Don Armeni Park,1222 Harbor Ave SW,98116,-122.382295,47.59274,"{'longitude': '-122.382295', 'needs_recoding': False, 'latitude': '47.59274'}"
395,2496,Dr. Blanche Lavizzo Park,2100 S Jackson St,98144,-122.304179,47.600278,"{'longitude': '-122.304179', 'needs_recoding': False, 'latitude': '47.600278'}"
433,2490,Dr. Jose Rizal Park,1007 12th Ave S,98144,-122.318094,47.593859,"{'longitude': '-122.318094', 'needs_recoding': False, 'latitude': '47.593859'}"
705,1304,Duwamish Waterway Park,7900 10th Ave S,98106,-122.319694,47.531156,"{'longitude': '-122.319694', 'needs_recoding': False, 'latitude': '47.531156'}"
458,2534,E.C. Hughes Playground,2805 SW Holden St,98126,-122.369545,47.532805,"{'longitude': '-122.369545', 'needs_recoding': False, 'latitude': '47.532805'}"
374,1305,East Montlake Park,2802 E Park Drive East,98112,-122.301441,47.646662,"{'longitude': '-122.301441', 'needs_recoding': False, 'latitude': '47.646662'}"
4241,2507,East Portal Viewpoint,1400 Lake Washington Blvd S,98144,-122.287893,47.590222,"{'longitude': '-122.287893', 'needs_recoding': False, 'latitude': '47.590222'}"
329,2535,East Queen Anne Playground,1912 Warren Ave N,98109,-122.353786,47.636139,"{'longitude': '-122.353786', 'needs_recoding': False, 'latitude': '47.636139'}"
3977,0,Eastlake Triangle,10th Ave E & E Prospect St,98109,-122.328918,47.62841,"{'longitude': '-122.328918', 'needs_recoding': False, 'latitude': '47.62841'}"
4012,1308,Eastmont Place,2201 Westmont Way W,98199,-122.405566,47.637689,"{'longitude': '-122.405566', 'needs_recoding': False, 'latitude': '47.637689'}"
1000003,0,Eddie Vine Boat Ramp,8001 Seaview Ave NW,98117,-122.403454,47.686852,"{'longitude': '-122.403454', 'needs_recoding': False, 'latitude': '47.686852'}"
318,1311,Ella Bailey Park,2601 W Smith St,98199,-122.39106,47.640584,"{'longitude': '-122.39106', 'needs_recoding': False, 'latitude': '47.640584'}"
3920,1086,Emma Schmitz Memorial Overlook,4503 Beach Dr SW,98116,-122.40712,47.562898,"{'longitude': '-122.40712', 'needs_recoding': False, 'latitude': '47.562898'}"
1653,1314,Endolyne Park,9827 49th Ave SW,98116,-122.39438,47.514542,"{'longitude': '-122.39438', 'needs_recoding': False, 'latitude': '47.514542'}"
4454,1316,Ercolini Park,4542 48th Ave SW,98116,-122.394275,47.515021,"{'longitude': '-122.394275', 'needs_recoding': False, 'latitude': '47.515021'}"
452,1127,Fairmount Playfield,5400 Fauntleroy Way SW,98136,-122.380549,47.554041,"{'longitude': '-122.380549', 'needs_recoding': False, 'latitude': '47.554041'}"
2975,1323,Fairview Park,2900 Fairview Ave E,98102,-122.325368,47.647413,"{'longitude': '-122.325368', 'needs_recoding': False, 'latitude': '47.647413'}"
4155,1461,Fairview Walkway,1251 Fairview Ave. N,98109,-122.328967,47.630501,"{'longitude': '-122.328967', 'needs_recoding': False, 'latitude': '47.630501'}"
3149,1324,Fauntleroy Creek Ravine,9102 Fauntleroy Way SW,98136,-122.392498,47.522599,"{'longitude': '-122.392498', 'needs_recoding': False, 'latitude': '47.522599'}"
453,1325,Fauntleroy Park,3951 SW Barton St,98136,-122.383222,47.5192,"{'longitude': '-122.383222', 'needs_recoding': False, 'latitude': '47.5192'}"
3921,1326,Fauntleroy Place,4501 Fauntleroy Way SW,98126,-122.379834,47.562715,"{'longitude': '-122.379834', 'needs_recoding': False, 'latitude': '47.562715'}"
413,2498,Ferdinand Street Boat Ramp,5018 Lake Washington Blvd S,98118,-122.264912,47.561358,"{'longitude': '-122.264912', 'needs_recoding': False, 'latitude': '47.561358'}"
351,1331,Firehouse Mini Park,712 18th Ave,98122,-122.308558,47.608448,"{'longitude': '-122.308558', 'needs_recoding': False, 'latitude': '47.608448'}"
3910,1332,First Hill Park,1201 University St,98101,-122.325512,47.611906,"{'longitude': '-122.325512', 'needs_recoding': False, 'latitude': '47.611906'}"
3948,1333,Fletcher Place,9285 Waters Ave S,98118,-122.261484,47.519093,"{'longitude': '-122.261484', 'needs_recoding': False, 'latitude': '47.519093'}"
363,1334,Flo Ware Park,2800 S Jackson St,98144,-122.295868,47.599557,"{'longitude': '-122.295868', 'needs_recoding': False, 'latitude': '47.599557'}"
312,2390,Freeway Park - Jim Ellis Freeway Park,700 Seneca St,98101,-122.330904,47.609472,"{'longitude': '-122.330904', 'needs_recoding': False, 'latitude': '47.609472'}"
4011,1341,Fremont Canal Park,199 N Canal St,98103,-122.357864,47.651802,"{'longitude': '-122.357864', 'needs_recoding': False, 'latitude': '47.651802'}"
4424,1343,Fremont Peak Park,4357 Palatine Ave N,98103,-122.356671,47.661108,"{'longitude': '-122.356671', 'needs_recoding': False, 'latitude': '47.661108'}"
392,1345,Frink Park,398 Lake Washington Blvd S,98144,-122.290256,47.599506,"{'longitude': '-122.290256', 'needs_recoding': False, 'latitude': '47.599506'}"
287,1128,Froula Playground,7200 12th Ave NE,98115,-122.313978,47.680538,"{'longitude': '-122.313978', 'needs_recoding': False, 'latitude': '47.680538'}"
353,1130,Garfield Playfield,537 25th Ave,98122,-122.301412,47.607098,"{'longitude': '-122.301412', 'needs_recoding': False, 'latitude': '47.607098'}"
293,1349,Gas Works Park,2101 N Northlake Way,98103,-122.334906,47.645639,"{'longitude': '-122.334906', 'needs_recoding': False, 'latitude': '47.645639'}"
409,1786,Genesee Park and Playfield,4316 S Genesee St,98118,-122.278744,47.564856,"{'longitude': '-122.278744', 'needs_recoding': False, 'latitude': '47.564856'}"
410,2094,Georgetown Playfield,750 S Homer St,98108,-122.321396,47.55162,"{'longitude': '-122.321396', 'needs_recoding': False, 'latitude': '47.55162'}"
3759,1359,Gerber Park,575 M L King Jr Way S,98122,-122.296568,47.607709,"{'longitude': '-122.296568', 'needs_recoding': False, 'latitude': '47.607709'}"
242,1134,Gilman Playground,923 NW 54th St,98107,-122.369684,47.667292,"{'longitude': '-122.369684', 'needs_recoding': False, 'latitude': '47.667292'}"
243,1361,Golden Gardens Park,8498 Seaview Pl NW,98117,-122.403454,47.686852,"{'longitude': '-122.403454', 'needs_recoding': False, 'latitude': '47.686852'}"
354,1346,Grand Army of the Republic Cemetery,1200 E Howe St,98102,-122.316261,47.636461,"{'longitude': '-122.316261', 'needs_recoding': False, 'latitude': '47.636461'}"
307,1366,Green Lake Park,7201 E Greenlake Dr N,98115,-122.330394,47.678938,"{'longitude': '-122.330394', 'needs_recoding': False, 'latitude': '47.678938'}"
4408,1369,Greenwood Park,602 N 87th St,98117,-122.350647,47.693048,"{'longitude': '-122.350647', 'needs_recoding': False, 'latitude': '47.693048'}"
245,1371,Greenwood Triangle,304 NW 55th St,98107,-122.361032,47.668902,"{'longitude': '-122.361032', 'needs_recoding': False, 'latitude': '47.668902'}"
4157,1372,Greg Davis Park,2600 SW Brandon St,98106,-122.366001,47.55437,"{'longitude': '-122.366001', 'needs_recoding': False, 'latitude': '47.55437'}"
454,1375,Hamilton Viewpoint Park,1120 California Ave SW,98116,-122.38907,47.590748,"{'longitude': '-122.38907', 'needs_recoding': False, 'latitude': '47.590748'}"
355,0,Harborview Park,779 Alder St,98104,-122.323693,47.603014,"{'longitude': '-122.323693', 'needs_recoding': False, 'latitude': '47.603014'}"
356,1377,Harrison Ridge Greenbelt,138 32nd Ave E,98112,-122.290339,47.619711,"{'longitude': '-122.290339', 'needs_recoding': False, 'latitude': '47.619711'}"
3695,1378,Harvard-Miller/Roanoke Annex,2351 Broadway E,98102,-122.321643,47.641091,"{'longitude': '-122.321643', 'needs_recoding': False, 'latitude': '47.641091'}"
4412,1381,Herring's House Park (T'ul'altx),4570 West Marginal Way SW,98106,-122.349545,47.561514,"{'longitude': '-122.349545', 'needs_recoding': False, 'latitude': '47.561514'}"
456,1788,Hiawatha Playfield,2700 California Ave SW,98116,-122.384965,47.578272,"{'longitude': '-122.384965', 'needs_recoding': False, 'latitude': '47.578272'}"
3983,1383,Highland Drive Parkway,165 Highland Dr,98109,-122.353337,47.629736,"{'longitude': '-122.353337', 'needs_recoding': False, 'latitude': '47.629736'}"
457,1137,Highland Park Playground,1100 SW Cloverdale St,98106,-122.349034,47.52738,"{'longitude': '-122.349034', 'needs_recoding': False, 'latitude': '47.52738'}"
3979,1384,Highland Place,93 Highland Dr,98109,-122.355466,47.629656,"{'longitude': '-122.355466', 'needs_recoding': False, 'latitude': '47.629656'}"
358,1093,Hing Hay Park,423 Maynard Ave S,98104,-122.325435,47.598609,"{'longitude': '-122.325435', 'needs_recoding': False, 'latitude': '47.598609'}"
4413,1389,Hitt's Hill Park,5234 37th Ave S,98118,-122.28455,47.554207,"{'longitude': '-122.28455', 'needs_recoding': False, 'latitude': '47.554207'}"
4426,1392,Homer Harris Park,2401 E Howell St,98122,-122.300994,47.617309,"{'longitude': '-122.300994', 'needs_recoding': False, 'latitude': '47.617309'}"
43,1394,Horiuchi Park,156 Boren Ave,98122,-122.318982,47.603132,"{'longitude': '-122.318982', 'needs_recoding': False, 'latitude': '47.603132'}"
3927,1396,Horton Hill Corridor,3298 36th Ave S,98144,-122.287187,47.573846,"{'longitude': '-122.287187', 'needs_recoding': False, 'latitude': '47.573846'}"
359,1397,Howell Park,1740 Howell Pl,98122,-122.280313,47.617518,"{'longitude': '-122.280313', 'needs_recoding': False, 'latitude': '47.617518'}"
4456,1398,Hubbard Homestead,11203 5th Ave NE,98125,-122.324674,47.709964,"{'longitude': '-122.324674', 'needs_recoding': False, 'latitude': '47.709964'}"
4032,2391,Hunter Boulevard,3299 Hunter Blvd S,98144,-122.285153,47.573877,"{'longitude': '-122.285153', 'needs_recoding': False, 'latitude': '47.573877'}"
439,1089,Hutchinson Playground,59th Ave S & S Norfolk St,98118,-122.260062,47.514312,"{'longitude': '-122.260062', 'needs_recoding': False, 'latitude': '47.514312'}"
3905,1399,Hyde Place,3811 E Madison St,98112,-122.282887,47.632304,"{'longitude': '-122.282887', 'needs_recoding': False, 'latitude': '47.632304'}"
4446,1400,I-5 Colonnade,1701 Lakeview Blvd E,98102,-122.323409,47.634898,"{'longitude': '-122.323409', 'needs_recoding': False, 'latitude': '47.634898'}"
3887,1821,Interbay Athletic Complex,3027 17th Ave W,98119,-122.379191,47.647239,"{'longitude': '-122.379191', 'needs_recoding': False, 'latitude': '47.647239'}"
313,1407,Interbay Golf,2501 15th Ave W,98119,-122.378455,47.643753,"{'longitude': '-122.378455', 'needs_recoding': False, 'latitude': '47.643753'}"
3023,1412,Interlaken Park,2451 Delmar Dr E,98102,-122.308316,47.636257,"{'longitude': '-122.308316', 'needs_recoding': False, 'latitude': '47.636257'}"
364,1413,International Children's Park,700 S Lane St,98104,-122.323412,47.596897,"{'longitude': '-122.323412', 'needs_recoding': False, 'latitude': '47.596897'}"
4001,1095,Inverness Ravine Park,8619 45th Ave NE,98115,-122.280809,47.691145,"{'longitude': '-122.280809', 'needs_recoding': False, 'latitude': '47.691145'}"
327,1790,Jackson Park Golf Course,1100 NE 135th St,98125,-122.319103,47.729254,"{'longitude': '-122.319103', 'needs_recoding': False, 'latitude': '47.729254'}"
1000393,0,Japanese Garden,1075 Lake Washington Blvd E,98112,-122.2952,47.627312,"{'longitude': '-122.2952', 'needs_recoding': False, 'latitude': '47.627312'}"
114,1434,Jefferson Park,3801 Beacon Ave S,98108,-122.311441,47.568067,"{'longitude': '-122.311441', 'needs_recoding': False, 'latitude': '47.568067'}"
4153,1791,Jefferson Park Golf Course,4101 Beacon Ave S,98108,-122.305242,47.567202,"{'longitude': '-122.305242', 'needs_recoding': False, 'latitude': '47.567202'}"
3121,1437,Jimi Hendrix Park,2400 S Massachusetts St,98144,-122.300842,47.588907,"{'longitude': '-122.300842', 'needs_recoding': False, 'latitude': '47.588907'}"
429,2560,"John C. Little, Sr. Park",6961 37th Ave S,98118,-122.286686,47.539048,"{'longitude': '-122.286686', 'needs_recoding': False, 'latitude': '47.539048'}"
4244,2491,Judge Charles M. Stokes Overlook,20th Ave S & S Judkins St,98144,-122.306962,47.591632,"{'longitude': '-122.306962', 'needs_recoding': False, 'latitude': '47.591632'}"
397,1097,Judkins Park and Playfield,2150 S Norman St,98144,-122.303951,47.592425,"{'longitude': '-122.303951', 'needs_recoding': False, 'latitude': '47.592425'}"
4455,1439,Junction Plaza,42nd Ave SW & SW Alaska St,98116,-122.385491,47.561204,"{'longitude': '-122.385491', 'needs_recoding': False, 'latitude': '47.561204'}"
3122,1098,Katie Black's Garden,1150 S Atlantic St,98144,-122.317642,47.590421,"{'longitude': '-122.317642', 'needs_recoding': False, 'latitude': '47.590421'}"
342,2374,Kerry Park,211 W Highland Dr,98119,-122.359874,47.629023,"{'longitude': '-122.359874', 'needs_recoding': False, 'latitude': '47.629023'}"
3880,1440,Keystone Place,5664 Keystone Pl N,98103,-122.333769,47.670304,"{'longitude': '-122.333769', 'needs_recoding': False, 'latitude': '47.670304'}"
459,1441,Kilbourne Park,9131 California Ave SW,98136,-122.388277,47.52133,"{'longitude': '-122.388277', 'needs_recoding': False, 'latitude': '47.52133'}"
4480,1099,Kingfisher Natural Area on Thornton Creek,15th Ave NE & NE 105th St,98125,-122.312411,47.704889,"{'longitude': '-122.312411', 'needs_recoding': False, 'latitude': '47.704889'}"
314,1442,Kinnear Park,899 W Olympic Pl,98119,-122.367207,47.627317,"{'longitude': '-122.367207', 'needs_recoding': False, 'latitude': '47.627317'}"
4468,1444,Kirke Park,7028 9th Ave NW,98117,-122.368021,47.680338,"{'longitude': '-122.368021', 'needs_recoding': False, 'latitude': '47.680338'}"
246,1100,Kiwanis Memorial Preserve Park,4441 Brygger Dr W,98199,-122.401004,47.66197,"{'longitude': '-122.401004', 'needs_recoding': False, 'latitude': '47.66197'}"
4429,1448,Kiwanis Memorial Preserve Park,4531 33rd Ave W,98199,-122.403237,47.660251,"{'longitude': '-122.403237', 'needs_recoding': False, 'latitude': '47.660251'}"
3915,1449,Kobe Terrace,650 Main St,98104,-122.324494,47.60042,"{'longitude': '-122.324494', 'needs_recoding': False, 'latitude': '47.60042'}"
415,1450,Kubota Garden,9817 55th Ave S,98118,-122.266125,47.513543,"{'longitude': '-122.266125', 'needs_recoding': False, 'latitude': '47.513543'}"
333,1457,Lake City Memorial Triangle,12356 Lake City Way NE,98125,-122.295266,47.718819,"{'longitude': '-122.295266', 'needs_recoding': False, 'latitude': '47.718819'}"
487,1458,Lake City Mini Park,12359 Lake City Way NE,98125,-122.295875,47.71911,"{'longitude': '-122.295875', 'needs_recoding': False, 'latitude': '47.71911'}"
4439,1459,Lake People Park (Xacua'bs),3100 S Bradford st,98108,-122.292012,47.569133,"{'longitude': '-122.292012', 'needs_recoding': False, 'latitude': '47.569133'}"
344,1460,Lake Union Park,860 Terry Ave N,98109,-122.338848,47.627015,"{'longitude': '-122.338848', 'needs_recoding': False, 'latitude': '47.627015'}"
411,1462,Lakeridge Park,10201 Holyoke Way S,98178,-122.247429,47.506033,"{'longitude': '-122.247429', 'needs_recoding': False, 'latitude': '47.506033'}"
3972,1140,Lakeridge Playfield,10145 Rainier Ave S,98178,-122.246841,47.510319,"{'longitude': '-122.246841', 'needs_recoding': False, 'latitude': '47.510319'}"
365,1463,Lakeview Park,340 37th Ave E,98112,-122.284732,47.62205,"{'longitude': '-122.284732', 'needs_recoding': False, 'latitude': '47.62205'}"
366,1464,Lakeview Place,1042 Lakeview Blvd E,98102,-122.325705,47.62939,"{'longitude': '-122.325705', 'needs_recoding': False, 'latitude': '47.62939'}"
4040,1465,Lakewood Moorage,4400 Lake Washington Blvd S,98118,-122.268295,47.562981,"{'longitude': '-122.268295', 'needs_recoding': False, 'latitude': '47.562981'}"
414,2167,Lakewood Playfield,5013 S Angeline St,98118,-122.27006,47.558831,"{'longitude': '-122.27006', 'needs_recoding': False, 'latitude': '47.558831'}"
4024,1466,Lakewood Triangle,3114 Cascadia Ave S,98144,-122.28372,47.576058,"{'longitude': '-122.28372', 'needs_recoding': False, 'latitude': '47.576058'}"
3096,0,Lambert Place,3800 E Madison St,98112,-122.283837,47.632017,"{'longitude': '-122.283837', 'needs_recoding': False, 'latitude': '47.632017'}"
3929,1468,Landing Parkway,4099 S Horton St,98144,-122.283396,47.573861,"{'longitude': '-122.283396', 'needs_recoding': False, 'latitude': '47.573861'}"
340,1142,Laurelhurst Playfield,4544 NE 41st St,98105,-122.278019,47.65989,"{'longitude': '-122.278019', 'needs_recoding': False, 'latitude': '47.65989'}"
4162,1053,Laurelhurst Triangle,3325 East Laurelhurst Dr NE,98105,-122.277487,47.652696,"{'longitude': '-122.277487', 'needs_recoding': False, 'latitude': '47.652696'}"
4482,1102,LaVilla Meadows Natural Area on Thornton Creek,Ravenna Ave NE & NE 100th St,98115,-122.299926,47.701262,"{'longitude': '-122.299926', 'needs_recoding': False, 'latitude': '47.701262'}"
316,1054,Lawton Park,4005 27th Ave W,98199,-122.391158,47.655065,"{'longitude': '-122.391158', 'needs_recoding': False, 'latitude': '47.655065'}"
367,1057,Leschi Park,201 Lakeside Ave. S,98122,-122.286548,47.600931,"{'longitude': '-122.286548', 'needs_recoding': False, 'latitude': '47.600931'}"
263,1808,Leschi-Lake Dell Natural Area,3525 E Terrace St,98122,-122.287835,47.604695,"{'longitude': '-122.287835', 'needs_recoding': False, 'latitude': '47.604695'}"
4076,1058,Lewis Park,1120 15th Ave S,98144,-122.314435,47.592857,"{'longitude': '-122.314435', 'needs_recoding': False, 'latitude': '47.592857'}"
4479,1103,Licorice Fern Natural Area on Thornton Creek,12th Ave NE & NE 130th St,98115,-122.315433,47.723106,"{'longitude': '-122.315433', 'needs_recoding': False, 'latitude': '47.723106'}"
286,1059,Licton Springs Park,9536 Ashworth Ave N,98103,-122.338735,47.698542,"{'longitude': '-122.338735', 'needs_recoding': False, 'latitude': '47.698542'}"
460,1060,Lincoln Park,8011 Fauntleroy Way SW,98136,-122.396012,47.531176,"{'longitude': '-122.396012', 'needs_recoding': False, 'latitude': '47.531176'}"
4419,1061,Linden Orchard Park,Linden Ave N & N 67th St,98103,-122.347727,47.678016,"{'longitude': '-122.347727', 'needs_recoding': False, 'latitude': '47.678016'}"
297,1064,Little Brook Park,14043 32nd Ave NE,98125,-122.294567,47.731387,"{'longitude': '-122.294567', 'needs_recoding': False, 'latitude': '47.731387'}"
301,1809,Llandover Woods Greenspace,14499 3rd Ave NW,98177,-122.364545,47.733024,"{'longitude': '-122.364545', 'needs_recoding': False, 'latitude': '47.733024'}"
264,2437,Longfellow Creek Greenspace,Delridge Way SW & SW Graham St,98106,-122.363435,47.530167,"{'longitude': '-122.363435', 'needs_recoding': False, 'latitude': '47.530167'}"
362,1066,Louisa Boren Park,1606 15th Ave E,98112,-122.311628,47.635274,"{'longitude': '-122.311628', 'needs_recoding': False, 'latitude': '47.635274'}"
461,1067,Lowman Beach Park,7017 Beach Dr SW,98136,-122.396728,47.540367,"{'longitude': '-122.396728', 'needs_recoding': False, 'latitude': '47.540367'}"
289,1146,Loyal Heights Playfield,2101 NW 77th St,98117,-122.38324,47.684106,"{'longitude': '-122.38324', 'needs_recoding': False, 'latitude': '47.684106'}"
4075,2494,Lynn Street Mini Park,2291 Fairview Ave E,98102,-122.32975,47.639849,"{'longitude': '-122.32975', 'needs_recoding': False, 'latitude': '47.639849'}"
4422,1069,MacLean Park,1922 Taylor Ave N,98109,-122.345276,47.636191,"{'longitude': '-122.345276', 'needs_recoding': False, 'latitude': '47.636191'}"
369,1071,Madison Park,4201 E Madison St,98112,-122.276602,47.635779,"{'longitude': '-122.276602', 'needs_recoding': False, 'latitude': '47.635779'}"
4441,2509,Madison Park North Beach,2300 43rd Ave E,98112,-122.276118,47.639084,"{'longitude': '-122.276118', 'needs_recoding': False, 'latitude': '47.639084'}"
4005,1471,Madrona Briar Patch,1605 Madrona Dr,98122,-122.284261,47.615231,"{'longitude': '-122.284261', 'needs_recoding': False, 'latitude': '47.615231'}"
370,1473,Madrona Park,853 Lake Washington Blvd,98122,-122.282679,47.609299,"{'longitude': '-122.282679', 'needs_recoding': False, 'latitude': '47.609299'}"
371,1147,Madrona Playground,3211 E Spring St,98122,-122.289885,47.611022,"{'longitude': '-122.289885', 'needs_recoding': False, 'latitude': '47.611022'}"
2856,1474,Madrona Ravine,3799 E Spring St,98122,-122.285412,47.611456,"{'longitude': '-122.285412', 'needs_recoding': False, 'latitude': '47.611456'}"
492,1476,Magnolia Greenbelt,W Howe St & Dartmouth Ave W,98199,-122.389073,47.636006,"{'longitude': '-122.389073', 'needs_recoding': False, 'latitude': '47.636006'}"
747,1477,Magnolia Manor Park,3500 28th Ave W,98119,-122.390877,47.651085,"{'longitude': '-122.390877', 'needs_recoding': False, 'latitude': '47.651085'}"
317,1478,Magnolia Park,1461 Magnolia Blvd W,98199,-122.398993,47.632366,"{'longitude': '-122.398993', 'needs_recoding': False, 'latitude': '47.632366'}"
319,2564,Magnolia Playfield,2518 34th Ave W,98199,-122.399472,47.643746,"{'longitude': '-122.399472', 'needs_recoding': False, 'latitude': '47.643746'}"
2970,0,Magnolia Tidelands Park,W Ruffner to Elliott Bay Marina,98144,-122.391648,47.630922,"{'longitude': '-122.391648', 'needs_recoding': False, 'latitude': '47.630922'}"
111110,0,Magnuson Park,7400 Sand Point Way NE,98115,-122.255084,47.680304,"{'longitude': '-122.255084', 'needs_recoding': False, 'latitude': '47.680304'}"
4434,1522,Maple Leaf Community Garden,529 NE 103rd St,98125,-122.322269,47.70326,"{'longitude': '-122.322269', 'needs_recoding': False, 'latitude': '47.70326'}"
3881,1105,Maple Leaf Resevoir Park,1020 NE 82nd St,98115,-122.315613,47.689015,"{'longitude': '-122.315613', 'needs_recoding': False, 'latitude': '47.689015'}"
1630,1523,Maple School Ravine,1950 S Graham St,98108,-122.308342,47.551071,"{'longitude': '-122.308342', 'needs_recoding': False, 'latitude': '47.551071'}"
418,1106,Maple Wood Playfield,4801 Corson Ave S,98108,-122.318845,47.560041,"{'longitude': '-122.318845', 'needs_recoding': False, 'latitude': '47.560041'}"
4447,1524,Marra-Desimone Park,9026 4th Ave S,98108,-122.329372,47.522124,"{'longitude': '-122.329372', 'needs_recoding': False, 'latitude': '47.522124'}"
320,1525,Marshall Park,1191 7th Ave W,98119,-122.366805,47.629436,"{'longitude': '-122.366805', 'needs_recoding': False, 'latitude': '47.629436'}"
432,1527,Martha Washington Park,6612 57th Ave S,98115,-122.260054,47.542398,"{'longitude': '-122.260054', 'needs_recoding': False, 'latitude': '47.542398'}"
3923,2615,"Martin Luther King, Jr. Memorial",2200 Martin Luther King Jr  Way S,98144,-122.297165,47.582756,"{'longitude': '-122.297165', 'needs_recoding': False, 'latitude': '47.582756'}"
298,1880,Marvin's Garden,5400 Ballard Ave NW,98107,-122.384972,47.667976,"{'longitude': '-122.384972', 'needs_recoding': False, 'latitude': '47.667976'}"
347,1529,Matthews Beach Park,5100 NE 93rd St,98115,-122.271785,47.694564,"{'longitude': '-122.271785', 'needs_recoding': False, 'latitude': '47.694564'}"
321,1530,Mayfair Park,2600 2nd Ave N,98109,-122.353356,47.643241,"{'longitude': '-122.353356', 'needs_recoding': False, 'latitude': '47.643241'}"
3918,0,McClellan Place,S McClellan St & Beacon Ave S,98144,-122.311648,47.578695,"{'longitude': '-122.311648', 'needs_recoding': False, 'latitude': '47.578695'}"
4013,2395,McGilvra Boulevard,1099 McGilvra Blvd E,98112,-122.282116,47.626925,"{'longitude': '-122.282116', 'needs_recoding': False, 'latitude': '47.626925'}"
4008,1535,McGilvra Place,1425 E Madison St,98122,-122.313032,47.614233,"{'longitude': '-122.313032', 'needs_recoding': False, 'latitude': '47.614233'}"
339,1536,McGraw Square,Westlake Ave N & Stewart St,98101,-122.337587,47.61299,"{'longitude': '-122.337587', 'needs_recoding': False, 'latitude': '47.61299'}"
352,1107,Meadowbrook Playfield,10533 35th Ave NE,98125,-122.293493,47.705771,"{'longitude': '-122.293493', 'needs_recoding': False, 'latitude': '47.705771'}"
268,2590,Me-Kwa-Mooks Natural Area,4100 Aikins Ave SW,98116,-122.403424,47.563782,"{'longitude': '-122.403424', 'needs_recoding': False, 'latitude': '47.563782'}"
473,1539,Me-Kwa-Mooks Park,4503 Beach Dr SW,98116,-122.404006,47.563167,"{'longitude': '-122.404006', 'needs_recoding': False, 'latitude': '47.563167'}"
1104,1149,Meridian Playground,4649 Sunnyside Ave N,98103,-122.332557,47.664159,"{'longitude': '-122.332557', 'needs_recoding': False, 'latitude': '47.664159'}"
373,1150,Miller Playfield,330 19th Ave E,98112,-122.306261,47.621433,"{'longitude': '-122.306261', 'needs_recoding': False, 'latitude': '47.621433'}"
4015,1541,Miller Triangle,222 20th Ave E,98112,-122.305711,47.620311,"{'longitude': '-122.305711', 'needs_recoding': False, 'latitude': '47.620311'}"
291,1542,Mineral Springs Park,1500 N 105th St,98133,-122.336528,47.705755,"{'longitude': '-122.336528', 'needs_recoding': False, 'latitude': '47.705755'}"
277,1543,Mock Creek Ravine,9612 35th Ave NE,98115,-122.28962,47.699037,"{'longitude': '-122.28962', 'needs_recoding': False, 'latitude': '47.699037'}"
4021,2536,Montlake Boulevard,2811 Montlake Blvd E,98112,-122.30474,47.645971,"{'longitude': '-122.30474', 'needs_recoding': False, 'latitude': '47.645971'}"
376,2536,Montlake Playfield,1618 E Calhoun St,98112,-122.310081,47.642407,"{'longitude': '-122.310081', 'needs_recoding': False, 'latitude': '47.642407'}"
4460,1545,Morgan Junction,6413 California Ave SW,98136,-122.387528,47.545507,"{'longitude': '-122.387528', 'needs_recoding': False, 'latitude': '47.545507'}"
419,2537,Mt. Baker Park,2521 Lake Park Dr S,98144,-122.288481,47.580957,"{'longitude': '-122.288481', 'needs_recoding': False, 'latitude': '47.580957'}"
4427,2399,Mt. Baker Ridge Viewpoint,1403 31st Ave S,98144,-122.292616,47.589983,"{'longitude': '-122.292616', 'needs_recoding': False, 'latitude': '47.589983'}"
4019,2595,Mt. Claire Park,2523 Mount Claire Dr S,98144,-122.28642,47.580737,"{'longitude': '-122.28642', 'needs_recoding': False, 'latitude': '47.580737'}"
311,1547,Myrtle Edwards Park,3130 Alaskan Way,98121,-122.36087,47.618767,"{'longitude': '-122.36087', 'needs_recoding': False, 'latitude': '47.618767'}"
4463,1548,Myrtle Reservoir,35th Ave SW & SW Myrtle St,98126,-122.376716,47.539206,"{'longitude': '-122.376716', 'needs_recoding': False, 'latitude': '47.539206'}"
3916,1551,Nantes Park,5062 SW Admiral Way,98116,-122.397063,47.579565,"{'longitude': '-122.397063', 'needs_recoding': False, 'latitude': '47.579565'}"
4023,1155,Nathan Hale Playfield,10750 30th Ave NE,98125,-122.292028,47.707715,"{'longitude': '-122.292028', 'needs_recoding': False, 'latitude': '47.707715'}"
3975,2596,NE 60th Street Park,551 NE 60th St,98115,-122.322634,47.671728,"{'longitude': '-122.322634', 'needs_recoding': False, 'latitude': '47.671728'}"
4403,1557,Nora's Woods,720 29th Ave,98122,-122.294573,47.608732,"{'longitude': '-122.294573', 'needs_recoding': False, 'latitude': '47.608732'}"
247,247,North Beach Park,8999 24th Ave NW,98117,-122.390258,47.69471,"{'longitude': '-122.390258', 'needs_recoding': False, 'latitude': '47.69471'}"
2956,2487,North Passage Point Park,600 NE Northlake Way,98105,-122.322428,47.653963,"{'longitude': '-122.322428', 'needs_recoding': False, 'latitude': '47.653963'}"
361,361,Northacres Park,12718 1st Ave NE,98125,-122.326124,47.721775,"{'longitude': '-122.326124', 'needs_recoding': False, 'latitude': '47.721775'}"
279,2618,Northeast Queen Anne Greenbelt,Dexter Way N & Lynn St & Wheeler,98109,-122.345011,47.635866,"{'longitude': '-122.345011', 'needs_recoding': False, 'latitude': '47.635866'}"
4445,1562,Northgate Park,10510 5th Ave NE,98125,-122.322424,47.705194,"{'longitude': '-122.322424', 'needs_recoding': False, 'latitude': '47.705194'}"
4452,1563,Northlake Park,699 NE Northlake Way,98105,-122.320826,47.654365,"{'longitude': '-122.320826', 'needs_recoding': False, 'latitude': '47.654365'}"
4161,2599,Northwest 60th St. Viewpoint,6001 Seaview Ave NW,98107,-122.40656,47.672184,"{'longitude': '-122.40656', 'needs_recoding': False, 'latitude': '47.672184'}"
322,1926,Observatory Courts,1405 Warren Ave N,98109,-122.355134,47.631342,"{'longitude': '-122.355134', 'needs_recoding': False, 'latitude': '47.631342'}"
323,1927,Occidental Square,117 S Washington St,98104,-122.333272,47.600463,"{'longitude': '-122.333272', 'needs_recoding': False, 'latitude': '47.600463'}"
4414,1929,Olympic Sculpture Park,2901 Western Ave,98121,-122.35418,47.616577,"{'longitude': '-122.35418', 'needs_recoding': False, 'latitude': '47.616577'}"
3005,1930,Open Water Park,2351 W Marina Pl,98199,-122.386693,47.629555,"{'longitude': '-122.386693', 'needs_recoding': False, 'latitude': '47.629555'}"
300,2403,Orchard Street Ravine,39th Ave SW & SW Orchard St,98136,-122.380151,47.538315,"{'longitude': '-122.380151', 'needs_recoding': False, 'latitude': '47.538315'}"
403,1933,Othello Playground,4351 S Othello St,98118,-122.278105,47.536214,"{'longitude': '-122.278105', 'needs_recoding': False, 'latitude': '47.536214'}"
4416,1934,Oxbow Park,6430 Corson Ave S,98108,-122.321583,47.54499,"{'longitude': '-122.321583', 'needs_recoding': False, 'latitude': '47.54499'}"
4027,1937,Park Home Circle,5622 Park Rd NE,98105,-122.305464,47.67005,"{'longitude': '-122.305464', 'needs_recoding': False, 'latitude': '47.67005'}"
4009,1938,Parkmont Place,2401 West Viewmont Way W,98199,-122.410083,47.640142,"{'longitude': '-122.410083', 'needs_recoding': False, 'latitude': '47.640142'}"
324,2415,Parsons Gardens,650 W Highland Dr,98119,-122.366082,47.629868,"{'longitude': '-122.366082', 'needs_recoding': False, 'latitude': '47.629868'}"
4029,1940,Peace Park,"NE 40th St & NE Pacific St, Seattle",98105,-122.323616,47.65543,"{'longitude': '-122.323616', 'needs_recoding': False, 'latitude': '47.65543'}"
237,1810,Pelly Place Natural Area,6762 Murray Ave SW,98136,-122.39309,47.541492,"{'longitude': '-122.39309', 'needs_recoding': False, 'latitude': '47.541492'}"
378,2239,Peppi's Playground,3233 E Spruce St,98122,-122.290602,47.602723,"{'longitude': '-122.290602', 'needs_recoding': False, 'latitude': '47.602723'}"
274,1943,Piers 62 and 63,1951 Alaskan Way,98101,-122.345237,47.608656,"{'longitude': '-122.345237', 'needs_recoding': False, 'latitude': '47.608656'}"
282,1945,Pigeon Point Park,4418 21st Ave SW,98106,-122.356966,47.563271,"{'longitude': '-122.356966', 'needs_recoding': False, 'latitude': '47.563271'}"
382,1157,Pinehurst Playground,12029 14th Ave NE,98125,-122.314628,47.716436,"{'longitude': '-122.314628', 'needs_recoding': False, 'latitude': '47.716436'}"
4444,1947,Pinehurst Pocket Park,11700 19th Ave NE,98125,-122.308222,47.714186,"{'longitude': '-122.308222', 'needs_recoding': False, 'latitude': '47.714186'}"
325,1949,Pioneer Square,100 Yesler Way,98104,-122.333886,47.602076,"{'longitude': '-122.333886', 'needs_recoding': False, 'latitude': '47.602076'}"
275,2242,Pipers Creek Natural Area,600 NW 117th St,98133,-122.364699,47.714678,"{'longitude': '-122.364699', 'needs_recoding': False, 'latitude': '47.714678'}"
387,1951,Plum Tree Park,1717 26th Ave,98122,-122.299142,47.617053,"{'longitude': '-122.299142', 'needs_recoding': False, 'latitude': '47.617053'}"
4000,1952,Plymouth Pillars Park,1050 Pike St,98101,-122.329092,47.614124,"{'longitude': '-122.329092', 'needs_recoding': False, 'latitude': '47.614124'}"
345,1953,Powell Barnett Park,352 Martin Luther King Jr Way,98112,-122.295998,47.605197,"{'longitude': '-122.295998', 'needs_recoding': False, 'latitude': '47.605197'}"
390,2404,Pratt Park,1800 S Main St,98144,-122.307257,47.601407,"{'longitude': '-122.307257', 'needs_recoding': False, 'latitude': '47.601407'}"
326,1956,Prefontaine Place,425 3rd Ave,98104,-122.330883,47.601844,"{'longitude': '-122.330883', 'needs_recoding': False, 'latitude': '47.601844'}"
357,2438,Prentis I. Frazier Park,401 24th Ave E,98112,-122.301614,47.622895,"{'longitude': '-122.301614', 'needs_recoding': False, 'latitude': '47.622895'}"
420,1957,Pritchard Island Beach,8400 55th Ave S,98118,-122.26283,47.528948,"{'longitude': '-122.26283', 'needs_recoding': False, 'latitude': '47.528948'}"
4158,2405,Puget Boulevard Commons,5200 26th Ave SW,98106,-122.365575,47.555356,"{'longitude': '-122.365575', 'needs_recoding': False, 'latitude': '47.555356'}"
3993,2247,Puget Creek Greenspace,1901 SW Brandon St,98106,-122.358556,47.55187,"{'longitude': '-122.358556', 'needs_recoding': False, 'latitude': '47.55187'}"
462,1961,Puget Park,4767 Puget Way SW,98106,-122.356922,47.558473,"{'longitude': '-122.356922', 'needs_recoding': False, 'latitude': '47.558473'}"
4201,1039,Puget Ridge Playground,6029 21st Ave SW,98106,-122.359947,47.547368,"{'longitude': '-122.359947', 'needs_recoding': False, 'latitude': '47.547368'}"
3984,1040,Queen Anne Bowl Playfield,2806 3rd Ave W,98119,-122.359711,47.645599,"{'longitude': '-122.359711', 'needs_recoding': False, 'latitude': '47.645599'}"
4045,1565,Rainbow Point,631 NE Banner Pl,98115,-122.320476,47.682713,"{'longitude': '-122.320476', 'needs_recoding': False, 'latitude': '47.682713'}"
422,1160,Rainier Beach Playfield,8802 Rainier Ave S,98118,-122.273136,47.525041,"{'longitude': '-122.273136', 'needs_recoding': False, 'latitude': '47.525041'}"
3999,1568,Rainier Place,230 NW 53rd St,98107,-122.359434,47.667567,"{'longitude': '-122.359434', 'needs_recoding': False, 'latitude': '47.667567'}"
423,1162,Rainier Playfield,3700 S Alaska St,98118,-122.2862,47.561817,"{'longitude': '-122.2862', 'needs_recoding': False, 'latitude': '47.561817'}"
391,1570,Ravenna Park,5520 Ravenna Ave NE,98105,-122.305705,47.671404,"{'longitude': '-122.305705', 'needs_recoding': False, 'latitude': '47.671404'}"
4080,1572,Ravenna Park Triangle,Ravenna Ave NE & NE 54th St,98105,-122.30367,47.668089,"{'longitude': '-122.30367', 'needs_recoding': False, 'latitude': '47.668089'}"
254,1571,Ravenna Ravine,6215 24th Ave NE,98115,-122.301707,47.674823,"{'longitude': '-122.301707', 'needs_recoding': False, 'latitude': '47.674823'}"
4411,1574,Ravenna Woods,4633 Ravenna Ave NE,98105,-122.303161,47.662559,"{'longitude': '-122.303161', 'needs_recoding': False, 'latitude': '47.662559'}"
488,1576,Ravenna-Eckstein Park,6535 Ravenna Ave NE,98115,-122.304964,47.676873,"{'longitude': '-122.304964', 'needs_recoding': False, 'latitude': '47.676873'}"
336,1588,Regrade Park,2251 3rd Ave,98121,-122.344776,47.614346,"{'longitude': '-122.344776', 'needs_recoding': False, 'latitude': '47.614346'}"
463,2269,Riverview Playfield,7226 12th Ave SW,98106,-122.348688,47.54101,"{'longitude': '-122.348688', 'needs_recoding': False, 'latitude': '47.54101'}"
379,1591,Roanoke Park,950 E Roanoke St,98102,-122.320185,47.643723,"{'longitude': '-122.320185', 'needs_recoding': False, 'latitude': '47.643723'}"
9064,0,Roanoke St. Mini Park,1 E Roanoke St,98102,-122.329327,47.643193,"{'longitude': '-122.329327', 'needs_recoding': False, 'latitude': '47.643193'}"
380,1165,Rogers Playground,2516 Eastlake Ave E,98102,-122.325257,47.642601,"{'longitude': '-122.325257', 'needs_recoding': False, 'latitude': '47.642601'}"
248,1812,Ross Playground,4320 4th Ave NW,98107,-122.361347,47.659718,"{'longitude': '-122.361347', 'needs_recoding': False, 'latitude': '47.659718'}"
4465,1594,Rotary Viewpoint,4622 35th Ave SW,98126,-122.375859,47.560222,"{'longitude': '-122.375859', 'needs_recoding': False, 'latitude': '47.560222'}"
464,1595,Roxhill Park,2850 SW Roxbury St,98126,-122.368881,47.519496,"{'longitude': '-122.368881', 'needs_recoding': False, 'latitude': '47.519496'}"
394,1168,Sacajawea Playground,1726 NE 94th St,98115,-122.308132,47.697132,"{'longitude': '-122.308132', 'needs_recoding': False, 'latitude': '47.697132'}"
249,1599,Salmon Bay Park,2001 NW Canoe Pl,98117,-122.381343,47.679297,"{'longitude': '-122.381343', 'needs_recoding': False, 'latitude': '47.679297'}"
4242,1600,Sam Smith Park,1400 Martin Luther King Jr Way S,98122,-122.297814,47.589982,"{'longitude': '-122.297814', 'needs_recoding': False, 'latitude': '47.589982'}"
250,2493,Sandel Playground,9053 1st Ave NW,98117,-122.358701,47.695134,"{'longitude': '-122.358701', 'needs_recoding': False, 'latitude': '47.695134'}"
4236,2539,Schmitz Boulevard,5717 SW Stevens St,98116,-122.405592,47.577899,"{'longitude': '-122.405592', 'needs_recoding': False, 'latitude': '47.577899'}"
465,1603,Schmitz Preserve Park,5551 SW Admiral Way,98116,-122.400425,47.574375,"{'longitude': '-122.400425', 'needs_recoding': False, 'latitude': '47.574375'}"
455,1605,Seacrest Park,1660 Harbor Ave SW,98126,-122.381226,47.589941,"{'longitude': '-122.381226', 'needs_recoding': False, 'latitude': '47.589941'}"
335,2384,Seattle Aquarium,1483 Alaskan Way,98101,-122.342836,47.607411,"{'longitude': '-122.342836', 'needs_recoding': False, 'latitude': '47.607411'}"
466,1609,Seola Park,11399 Seola Beach Dr SW,98146,-122.374332,47.50039,"{'longitude': '-122.374332', 'needs_recoding': False, 'latitude': '47.50039'}"
4466,1610,Seven Hills Park,1514 E Howell St,98122,-122.312534,47.617684,"{'longitude': '-122.312534', 'needs_recoding': False, 'latitude': '47.617684'}"
428,1611,Seward Park,5900 Lake Washington Blvd S,98118,-122.250639,47.54923,"{'longitude': '-122.250639', 'needs_recoding': False, 'latitude': '47.54923'}"
3928,1616,Sierra Place,3300 Sierra Dr S,98144,-122.282492,47.573282,"{'longitude': '-122.282492', 'needs_recoding': False, 'latitude': '47.573282'}"
4433,1617,Smith Cove,23rd Ave West,98199,-122.387679,47.632602,"{'longitude': '-122.387679', 'needs_recoding': False, 'latitude': '47.632602'}"
4453,1619,Solstice Park,7400 Fauntleroy Way SW,98136,-122.390347,47.536414,"{'longitude': '-122.390347', 'needs_recoding': False, 'latitude': '47.536414'}"
251,1175,Soundview Playfield,1590 NW 90th St,98117,-122.378878,47.695416,"{'longitude': '-122.378878', 'needs_recoding': False, 'latitude': '47.695416'}"
3987,1738,Soundview Terrace,2500 11th Ave W,98119,-122.37141,47.640849,"{'longitude': '-122.37141', 'needs_recoding': False, 'latitude': '47.640849'}"
4048,1624,South Park Meadow,9141 8th Ave S,98108,-122.323649,47.520795,"{'longitude': '-122.323649', 'needs_recoding': False, 'latitude': '47.520795'}"
467,1177,South Park Playground,738 S Sullivan St,98108,-122.324159,47.528016,"{'longitude': '-122.324159', 'needs_recoding': False, 'latitude': '47.528016'}"
377,2431,South Passage Point Park,3320 Fuhrman Ave E,98102,-122.322486,47.652087,"{'longitude': '-122.322486', 'needs_recoding': False, 'latitude': '47.652087'}"
381,2523,Spring Street Mini Park,1506 E Spring St,98122,-122.3124,47.611801,"{'longitude': '-122.3124', 'needs_recoding': False, 'latitude': '47.611801'}"
3117,2524,Spruce Street Mini Park,160 21st Ave,98122,-122.304648,47.603091,"{'longitude': '-122.304648', 'needs_recoding': False, 'latitude': '47.603091'}"
2848,2848,St. Mark's Greenbelt,1500 Lakeview Blvd E,98102,-122.322174,47.63115,"{'longitude': '-122.322174', 'needs_recoding': False, 'latitude': '47.63115'}"
425,1844,Stan Sayres Memorial Park,3808 Lake Washington Blvd S,98118,-122.277162,47.571222,"{'longitude': '-122.277162', 'needs_recoding': False, 'latitude': '47.571222'}"
3919,1630,Stevens Place,2919 Beacon Ave S,98144,-122.310563,47.577122,"{'longitude': '-122.310563', 'needs_recoding': False, 'latitude': '47.577122'}"
3981,1631,Stevens Triangle,3809 E John St,98112,-122.283592,47.619443,"{'longitude': '-122.283592', 'needs_recoding': False, 'latitude': '47.619443'}"
592,1633,Sturgus Park,904 Sturgus Ave S,98144,-122.314376,47.59409,"{'longitude': '-122.314376', 'needs_recoding': False, 'latitude': '47.59409'}"
290,1633,Sturtevant Ravine,9335 Sturtevant Ave S,98118,-122.268561,47.51783,"{'longitude': '-122.268561', 'needs_recoding': False, 'latitude': '47.51783'}"
383,1635,Summit Place,Belmont Ave E & Bellevue Pl E,98102,-122.325708,47.627081,"{'longitude': '-122.325708', 'needs_recoding': False, 'latitude': '47.627081'}"
4461,1636,Summit Slope Park,200 Summit Ave E,98102,-122.325298,47.619832,"{'longitude': '-122.325298', 'needs_recoding': False, 'latitude': '47.619832'}"
3903,2500,Sunnyside Ave N Boat Ramp,2301 N Northlake Way,98103,-122.330723,47.650292,"{'longitude': '-122.330723', 'needs_recoding': False, 'latitude': '47.650292'}"
252,1638,Sunset Hill Park,7531 34th Ave NW,98117,-122.400938,47.684034,"{'longitude': '-122.400938', 'needs_recoding': False, 'latitude': '47.684034'}"
3901,1639,Sunset Place,105 NW 52nd St,98107,-122.357602,47.666686,"{'longitude': '-122.357602', 'needs_recoding': False, 'latitude': '47.666686'}"
234,2416,SW Queen Anne Greenbelt,12th Ave W & W Howe St,98119,-122.373209,47.633353,"{'longitude': '-122.373209', 'needs_recoding': False, 'latitude': '47.633353'}"
3913,2591,T.T. Minor Playground,1698 E Union St,98122,-122.310543,47.613111,"{'longitude': '-122.310543', 'needs_recoding': False, 'latitude': '47.613111'}"
384,1076,Tashkent Park,511 Boylston Ave E,98102,-122.323444,47.62379,"{'longitude': '-122.323444', 'needs_recoding': False, 'latitude': '47.62379'}"
3889,1643,Terry Pettus Park,2001 Fairview Ave E,98102,-122.329689,47.636742,"{'longitude': '-122.329689', 'needs_recoding': False, 'latitude': '47.636742'}"
4014,1644,Thayer Place,10088 Waters Ave S,98178,-122.250038,47.510613,"{'longitude': '-122.250038', 'needs_recoding': False, 'latitude': '47.510613'}"
1106,1756,Thomas C. Wales Park,2401 6th Ave N,98109,-122.344468,47.640523,"{'longitude': '-122.344468', 'needs_recoding': False, 'latitude': '47.640523'}"
386,1044,Thomas St. Mini Park,306 Bellevue Ave E,98102,-122.326216,47.621036,"{'longitude': '-122.326216', 'needs_recoding': False, 'latitude': '47.621036'}"
343,1648,Thorndyke Park,1818 Thorndyke Ave W,98199,-122.390161,47.635099,"{'longitude': '-122.390161', 'needs_recoding': False, 'latitude': '47.635099'}"
416,0,Thornton Creek Park #1,13002 10th Ave NE,98125,-122.307629,47.707034,"{'longitude': '-122.307629', 'needs_recoding': False, 'latitude': '47.707034'}"
4405,1649,Thyme Patch Park,2853 NW 58th St,98107,-122.395214,47.670709,"{'longitude': '-122.395214', 'needs_recoding': False, 'latitude': '47.670709'}"
3909,1651,Tilikum Place,2701 5th Ave,98121,-122.347411,47.618382,"{'longitude': '-122.347411', 'needs_recoding': False, 'latitude': '47.618382'}"
4421,1654,Trolley Hill Park,1800 Taylor Ave N,98109,-122.347039,47.635143,"{'longitude': '-122.347039', 'needs_recoding': False, 'latitude': '47.635143'}"
4007,1658,Union Station Square,316 S Jackson St,98104,-122.330086,47.599362,"{'longitude': '-122.330086', 'needs_recoding': False, 'latitude': '47.599362'}"
424,1659,University Circle,5801 University Circle NE,98105,-122.275181,47.67203,"{'longitude': '-122.275181', 'needs_recoding': False, 'latitude': '47.67203'}"
3998,1662,University Lake Shore Place,4275 NE 125th St,98125,-122.28006,47.718937,"{'longitude': '-122.28006', 'needs_recoding': False, 'latitude': '47.718937'}"
435,1180,University Playground,4745 9th Ave NE,98105,-122.319312,47.664447,"{'longitude': '-122.319312', 'needs_recoding': False, 'latitude': '47.664447'}"
4451,1757,Ursula Judkins Viewpoint,2605 W Galer St,98199,-122.390232,47.632049,"{'longitude': '-122.390232', 'needs_recoding': False, 'latitude': '47.632049'}"
431,1874,Van Asselt Playground,7050 Beacon Ave S,98108,-122.294068,47.539446,"{'longitude': '-122.294068', 'needs_recoding': False, 'latitude': '47.539446'}"
338,1664,Victor Steinbrueck Park,2001 Western Ave,98121,-122.343869,47.610153,"{'longitude': '-122.343869', 'needs_recoding': False, 'latitude': '47.610153'}"
4443,1666,Victory Creek Park,1059 NE Northgate Way,98125,-122.315554,47.709155,"{'longitude': '-122.315554', 'needs_recoding': False, 'latitude': '47.709155'}"
438,1875,Victory Heights Playground,1737 NE 106th St,98125,-122.307834,47.705672,"{'longitude': '-122.307834', 'needs_recoding': False, 'latitude': '47.705672'}"
444,1876,View Ridge Playfield,4408 NE 70th St,98115,-122.279969,47.679747,"{'longitude': '-122.279969', 'needs_recoding': False, 'latitude': '47.679747'}"
3098,1667,Viretta Park,151 Lake Washington Blvd E,98112,-122.282003,47.61875,"{'longitude': '-122.282003', 'needs_recoding': False, 'latitude': '47.61875'}"
4002,1668,Virgil Flaim Park,2700 NE 123rd St,98125,-122.299374,47.717955,"{'longitude': '-122.299374', 'needs_recoding': False, 'latitude': '47.717955'}"
399,1669,Volunteer Park,1247 15th Ave E,98112,-122.315568,47.630378,"{'longitude': '-122.315568', 'needs_recoding': False, 'latitude': '47.630378'}"
1000399,0,Volunteer Park Conservatory,1400 E Galer St,98112,-122.315708,47.632063,"{'longitude': '-122.315708', 'needs_recoding': False, 'latitude': '47.632063'}"
449,2336,Wallingford Playfield,4219 Wallingford Ave N,98103,-122.337444,47.658544,"{'longitude': '-122.337444', 'needs_recoding': False, 'latitude': '47.658544'}"
1000004,0,Wallingford Steps,1800 N Northlake Way,98103,-122.336152,47.647345,"{'longitude': '-122.336152', 'needs_recoding': False, 'latitude': '47.647345'}"
3941,1748,Walt Hundley Playfield,6920 34th Ave SW,98126,-122.373415,47.54017,"{'longitude': '-122.373415', 'needs_recoding': False, 'latitude': '47.54017'}"
763,1684,Ward Springs Park,4th Ave N & Ward St,98109,-122.349245,47.627747,"{'longitude': '-122.349245', 'needs_recoding': False, 'latitude': '47.627747'}"
398,2394,Warren G. Magnuson Park,7400 Sand Point Way NE,98115,-122.255084,47.680304,"{'longitude': '-122.255084', 'needs_recoding': False, 'latitude': '47.680304'}"
393,0,Washington Park Arboretum,2300 Arboretum Dr E,98112,-122.294835,47.636477,"{'longitude': '-122.294835', 'needs_recoding': False, 'latitude': '47.636477'}"
1100393,393,Washington Park Playfield,1017 Lake Washington Blvd E,98112,-122.293925,47.627064,"{'longitude': '-122.293925', 'needs_recoding': False, 'latitude': '47.627064'}"
4165,2499,Washington Street Public Boat Landing,199 Alaskan Way S,98104,-122.336045,47.601007,"{'longitude': '-122.336045', 'needs_recoding': False, 'latitude': '47.601007'}"
3973,1689,Waterfront Park,1401 Alaskan Way,98101,-122.342196,47.606778,"{'longitude': '-122.342196', 'needs_recoding': False, 'latitude': '47.606778'}"
4083,1692,Waterway 19,2119 N Northlake Way,98103,-122.332567,47.646349,"{'longitude': '-122.332567', 'needs_recoding': False, 'latitude': '47.646349'}"
3966,1694,Weather Watch Park,4035 Beach Dr SW,98116,-122.409506,47.568247,"{'longitude': '-122.409506', 'needs_recoding': False, 'latitude': '47.568247'}"
3894,1045,Webster Park,3025 NW 68th St,98117,-122.397851,47.677832,"{'longitude': '-122.397851', 'needs_recoding': False, 'latitude': '47.677832'}"
3899,1695,Wedgwood Square,8126 31st Ave NE,98115,-122.294772,47.688151,"{'longitude': '-122.294772', 'needs_recoding': False, 'latitude': '47.688151'}"
4401,2603,West Duwamish Greenbelt,W Marginal Way SW & Highland Park Way SW,98106,-122.356966,47.563271,"{'longitude': '-122.356966', 'needs_recoding': False, 'latitude': '47.563271'}"
3694,2401,West Ewing Mini Park,244 W Ewing St,98119,-122.360602,47.65205,"{'longitude': '-122.360602', 'needs_recoding': False, 'latitude': '47.65205'}"
375,2402,West Montlake Park,2815 W Park Dr E,98112,-122.30982,47.646219,"{'longitude': '-122.30982', 'needs_recoding': False, 'latitude': '47.646219'}"
330,2561,West Queen Anne Playfield,150 W Blaine St,98119,-122.359504,47.635514,"{'longitude': '-122.359504', 'needs_recoding': False, 'latitude': '47.635514'}"
469,2566,West Seattle Golf Course,4600 35th Ave SW,98126,-122.369657,47.55986,"{'longitude': '-122.369657', 'needs_recoding': False, 'latitude': '47.55986'}"
472,2528,West Seattle Stadium,4432 35th Ave SW,98126,-122.374348,47.562826,"{'longitude': '-122.374348', 'needs_recoding': False, 'latitude': '47.562826'}"
468,1701,Westcrest Park,9000 8th Ave SW,98106,-122.341719,47.525783,"{'longitude': '-122.341719', 'needs_recoding': False, 'latitude': '47.525783'}"
494,1702,Westlake Greenbelt,Westlake Ave & Halladay St,98109,-122.34338,47.641586,"{'longitude': '-122.34338', 'needs_recoding': False, 'latitude': '47.641586'}"
332,1703,Westlake Park,401 Pine St,98101,-122.33724,47.611099,"{'longitude': '-122.33724', 'needs_recoding': False, 'latitude': '47.611099'}"
334,1705,Westlake Square,1900 Westlake Ave,98109,-122.337285,47.613627,"{'longitude': '-122.337285', 'needs_recoding': False, 'latitude': '47.613627'}"
385,2530,William Grose Park,1814 30th Ave,98122,-122.29294,47.618021,"{'longitude': '-122.29294', 'needs_recoding': False, 'latitude': '47.618021'}"
4016,1707,Williams Place,199 15th Ave E,98112,-122.313094,47.619809,"{'longitude': '-122.313094', 'needs_recoding': False, 'latitude': '47.619809'}"
278,1814,Wolf Creek Ravine Natural Area,McGraw St between 2nd Ave N & Nobb Hill Ave N,98109,-122.352314,47.639775,"{'longitude': '-122.352314', 'needs_recoding': False, 'latitude': '47.639775'}"
292,1815,Woodland Park,1000 N 50th St,98103,-122.344218,47.668906,"{'longitude': '-122.344218', 'needs_recoding': False, 'latitude': '47.668906'}"
1000292,292,Woodland Park Rose Garden,750 N 50th St,98103,-122.35054,47.666499,"{'longitude': '-122.35054', 'needs_recoding': False, 'latitude': '47.666499'}"
200,9909,Woodland Park Zoo,700 N 50th St,98103,-122.35043,47.666183,"{'longitude': '-122.35043', 'needs_recoding': False, 'latitude': '47.666183'}"
4563,0,Yesler Playfield,835 Yesler Way,98104,-122.320083,47.601262,"{'longitude': '-122.320083', 'needs_recoding': False, 'latitude': '47.601262'}"
580,1712,York Park,3650 Renton Ave S,98144,-122.295537,47.570461,"{'longitude': '-122.295537', 'needs_recoding': False, 'latitude': '47.570461'}"
3926,1816,York Playground,3327 34th Ave S,98126,-122.290713,47.572695,"{'longitude': '-122.290713', 'needs_recoding': False, 'latitude': '47.572695'}"
